{"cameraMode":{"drawMode":0,"name":"Shaded","section":"Shading Mode"},"sceneLighting":true,"audioPlay":false,"sceneViewState":{"showFog":true,"showMaterialUpdate":false,"showSkybox":true,"showFlares":true,"showImageEffects":true,"showParticleSystems":true},"in2DMode":false,"pivot":{"x":2.018521785736084,"y":-1.13628351688385,"z":-3.272772789001465},"rotation":{"x":0.12269677221775055,"y":0.3891246020793915,"z":-0.052381593734025958,"w":0.9114708304405212},"size":10.0,"orthographic":false}